Tip,Nume,Judet,UAT
Municipiul,Bacău,Bacău,Primăria Municipiului Bacău
Municipiul,Onești,Bacău,Primăria Municipiului Onești
Orașul,Buhuşi,Bacău,Primăria Orașului Buhuşi
Orașul,Comăneşti,Bacău,Primăria Orașului Comăneşti
Orașul,Dărmăneşti,Bacău,Primăria Orașului Dărmăneşti
Orașul,Slănic-Moldova,Bacău,Primăria Orașului Slănic-Moldova
Orașul,Târgu Ocna,Bacău,Primăria Orașului Târgu Ocna
Orașul,Moineşti,Bacău,Primăria Orașului Moineşti
Comuna,Agăş,Bacău,Primăria Comunei Agăş
Comuna,Ardeoani,Bacău,Primăria Comunei Ardeoani
Comuna,Asău,Bacău,Primăria Comunei Asău
Comuna,Balcani,Bacău,Primăria Comunei Balcani
Comuna,Bereşti-Bistriţa,Bacău,Primăria Comunei Bereşti-Bistriţa
Comuna,Berzunţi,Bacău,Primăria Comunei Berzunţi
Comuna,Blăgeşti,Bacău,Primăria Comunei Blăgeşti
Comuna,Brusturoasa,Bacău,Primăria Comunei Brusturoasa
Comuna,Buhoci,Bacău,Primăria Comunei Buhoci
Comuna,Căiuţi,Bacău,Primăria Comunei Căiuţi
Comuna,Călini,Bacău,Primăria Comunei Călini
Comuna,Coloneşti,Bacău,Primăria Comunei Coloneşti
Comuna,Corbasca,Bacău,Primăria Comunei Corbasca
Comuna,Cospiceni,Bacău,Primăria Comunei Cospiceni
Comuna,Coţofăneşti,Bacău,Primăria Comunei Coţofăneşti
Comuna,Dămieneşti,Bacău,Primăria Comunei Dămieneşti
Comuna,Dealu Morii,Bacău,Primăria Comunei Dealu Morii
Comuna,Drăguşani,Bacău,Primăria Comunei Drăguşani
Comuna,Faraoani,Bacău,Primăria Comunei Faraoani
Comuna,Filipeni,Bacău,Primăria Comunei Filipeni
Comuna,Fundeni,Bacău,Primăria Comunei Fundeni
Comuna,Gârleni,Bacău,Primăria Comunei Gârleni
Comuna,Glăvăneşti,Bacău,Primăria Comunei Glăvăneşti
Comuna,Goioasa,Bacău,Primăria Comunei Goioasa
Comuna,Gura Văii,Bacău,Primăria Comunei Gura Văii
Comuna,Helegiu,Bacău,Primăria Comunei Helegiu
Comuna,Horgeşti,Bacău,Primăria Comunei Horgeşti
Comuna,Iteşti,Bacău,Primăria Comunei Iteşti
Comuna,Letea Veche,Bacău,Primăria Comunei Letea Veche
Comuna,Livezi,Bacău,Primăria Comunei Livezi
Comuna,Măgireşti,Bacău,Primăria Comunei Măgireşti
Comuna,Mărgineni,Bacău,Primăria Comunei Mărgineni
Comuna,Moineşti,Bacău,Primăria Comunei Moineşti
Comuna,Motoşeni,Bacău,Primăria Comunei Motoşeni
Comuna,Negri,Bacău,Primăria Comunei Negri
Comuna,Odobeşti,Bacău,Primăria Comunei Odobeşti
Comuna,Onceşti,Bacău,Primăria Comunei Onceşti
Comuna,Oituz,Bacău,Primăria Comunei Oituz
Comuna,Orbeni,Bacău,Primăria Comunei Orbeni
Comuna,Palanca,Bacău,Primăria Comunei Palanca
Comuna,Parincea,Bacău,Primăria Comunei Parincea
Comuna,Pârgăreşti,Bacău,Primăria Comunei Pârgăreşti
Comuna,Parava,Bacău,Primăria Comunei Parava
Comuna,Plopana,Bacău,Primăria Comunei Plopana
Comuna,Podu Turcului,Bacău,Primăria Comunei Podu Turcului
Comuna,Poduri,Bacău,Primăria Comunei Poduri
Comuna,Prajesti,Bacău,Primăria Comunei Prajesti
Comuna,Răcăciuni,Bacău,Primăria Comunei Răcăciuni
Comuna,Răchitoasa,Bacău,Primăria Comunei Răchitoasa
Comuna,Roşiori,Bacău,Primăria Comunei Roşiori
Comuna,Sănduleni,Bacău,Primăria Comunei Sănduleni
Comuna,Sărata,Bacău,Primăria Comunei Sărata
Comuna,Sascut,Bacău,Primăria Comunei Sascut
Comuna,Scorţeni,Bacău,Primăria Comunei Scorţeni
Comuna,Secuieni,Bacău,Primăria Comunei Secuieni
Comuna,Solonţ,Bacău,Primăria Comunei Solonţ
Comuna,Stănişeşti,Bacău,Primăria Comunei Stănişeşti
Comuna,Strugari,Bacău,Primăria Comunei Strugari
Comuna,Tamaşi,Bacău,Primăria Comunei Tamaşi
Comuna,Târgu Trotuș,Bacău,Primăria Comunei Târgu Trotuș
Comuna,Traian,Bacău,Primăria Comunei Traian
Comuna,Ungureni,Bacău,Primăria Comunei Ungureni
Comuna,Urecheşti,Bacău,Primăria Comunei Urecheşti
Comuna,Valea Seacă,Bacău,Primăria Comunei Valea Seacă
Comuna,Vultureni,Bacău,Primăria Comunei Vultureni